Section,Batch,Component,Status,Variants delta,Tokens delta,Docs status,Priority,Notes
Foundations,F,Grid,missing,All 5 layouts absent in code,"Grid tokens not defined (12 cols, 16 gutter, 16 outer)",missing both,P0,Create components/foundations/grid.stories.tsx + app/foundations/grid/; also create P&U frames in Figma
Foundations,F,Phosphor Icons,minor,"Figma = Phosphor 2.1 Light, 1512 icons across 18 categories; code = default weight, curated subset",none (external icon font),missing both,P1,Align code weight to Light; keep code curated (Figma is reference); create P&U frames in Figma
Foundations,F,Brand Icons,missing,18 symbols (3 products × 3 line types × 2 sizes) — none in code,none (SVG symbols),complete,P1,PRDENG-3422 exists; build components/foundations/brand-icons/ + app/foundations/brand-icons/
Foundations,F,Spacing,minor,"Copy mismatch (title, intro, When To Use); verify SpacingGrid uses --scale/N tokens exactly",Legacy --scale/400 token in Figma needs cleanup,missing principles (usage examples exist at 710-17153),P1,Align page copy to Figma; verify SpacingGrid tokens; clean --scale/400; add Principles content to Figma
Foundations,F,Border Radius,minor,"Code missing None (0px) step; Figma dual label ""Md | Regular"" not reflected in code","Values aligned (xs=2, sm=4, md=8, lg=16, round=64)",missing both,P1,Add --radius-none (0px); decide on Regular alias for md; create Principles + Usage frames in Figma
Global,G1,Input,major,"Code adds Password (align in Figma); code missing Combo 2 Inputs, labelPosition=Left, label info icon; states Hover + Filled missing in code; small padding 0/8 needs to become 8px uniform (drop hard-coded 24px height)","Rename code tokens to Figma semantic (--border-color/form-fields/*, --surface/form-field, --text/form-field/*); keep icon sizes 18/16",complete (Principles 698-1820 + Usage 698-5991),P0,"Error state applies to Field only (border #F792AC, text #EF2056, icon #EF2056) — NOT to label; add Hover + Filled states; add labelPosition=Left; add info icon with Tooltip; add Password to Figma; add Combo 2 Inputs handling in code"
Global,G1,Textarea,aligned,"States named Default/Hover/Focus/Disabled/Filled -- renamed from Active to Focus in Figma to match Input's naming; single type (Message); verified via direct Figma read of 2748-3540: min-h-[96px], p-[8px] uniform, radius md (8px), w-[347px]","Fixed: Raw-collection grey ramp renamed Pronetx Greys/* -> Greys/* in Figma (12 vars). Counter text fill was already correctly bound to Text/Body/Secondary (-> Neutral/400 -> Greys/400, #8d8d8d) -- the legacy name was only surfacing from the Raw variable's stale name, not a broken binding.",needs verification,P2,"New row split out of the Input re-verification pass. State naming aligned to Input (Active -> Focus) and legacy raw-token renamed, both done directly in Figma this session (2026-09-03)."
Global,G1,Labels & Fields,missing,No standalone component in Figma (sub-component of Input/Textarea only) or code (inline JSX in input.tsx); code has no info-icon/tooltip support (Figma: 12px Info icon via labelIcon prop); label-to-icon/asterisk gap is 4px in code vs 8px in Figma,"Fixed: required-asterisk color changed from --error-default (red) to match label text color (--text-body-primary / #373737), aligning with Figma where the asterisk is neutral, not red. Label text token name (--text-body-primary) differs from Figma semantic path (--text/form-field/focus) though both resolve to #373737 -- rename pending as part of broader Input token alignment.",missing both,P1,No dedicated Figma page/frame exists to build P&U from yet -- would need to be created if this becomes a standalone component. Asterisk color fix applied directly in components/ui/input.tsx this session (2026-09-03). Still open: build a reusable Label component and add the info icon + Tooltip.
Global,G1,Checkbox & Radio,minor,Regular box size was 18px in code vs 16px in Figma (Small already matched at 12px) -- fixed. Small-size padding was uniform 4px (inflating hug height) vs Figma horizontal-only 4px -- fixed.,"Fixed: checkbox/radio were pointing at the wrong green ramp step (content-action-primary-600/700, dark forest greens) instead of the correct existing tokens (content-action-primary-default #3a8015, -500 #366618, -300 #629944) matching Figma exactly. Radio default border was --neutral-100 (#efefef, nearly invisible) -> now --neutral-300 (#adadad) matching Figma. Radio disabled border now uses its own Figma-distinct token (--border-color-surface-active-secondary-disabled #d2e0c8) instead of reusing checkbox disabled border. Label text color was --text-body-primary (#373737) -> now --neutral-800 (#1d1d1d) matching Figma text/body/primary. Also fixed a pre-existing site-wide bug: --text-form-field-disabled was aliased to --neutral-400 (#8d8d8d) instead of --neutral-300 (#adadad) which Figma consistently uses for disabled form-field text (affects Input too).",complete (Principles 2980-499 + Usage 2980-534),P1,"Radio checked-state color (border + dot) could not be read from Figma text export -- it is baked into an SVG asset. Assumed to match Checkbox checked color (--content-action-primary-default, #3a8015) per user decision; not visually confirmed against the actual asset pixels. All token fixes verified against globals.css: exact matching semantic tokens already existed, this was a wrong-token-picked bug, not a missing-token gap. Fixed directly in components/ui/checkbox.tsx and app/globals.css this session (2026-09-03). Also fixed a stale 'Regular . 18px' showcase label in app/components/[slug]/page.tsx (CheckboxShowcase) left over from the old box size. Visually verified in browser: default/hover/checked/disabled all render correctly on both sizes for Checkbox and Radio."
Global,G1,Switch & Boolean Icon,minor,"Boolean Icon fully aligned (sizes, colors, borders all match Figma exactly, no changes needed). Switch sizing/spacing already matched Figma closely. Figma's Switch component has no disabled variant at all -- code adds one as an enhancement beyond spec, not confirmed against Figma. One Figma-side oddity: exactly one corner case (Off + label-Right + Light surface + Regular size) uses a muted text/body/secondary (#8d8d8d) label color instead of the primary color used everywhere else -- looks like a possible Figma authoring inconsistency, not replicated in code.","Fixed: --surface-action-primary-default (Switch light-mode on-track color, also used by table.tsx checked-checkbox bg and lib/tokens.ts) was aliased to --content-action-primary-600 (#204704, wrong dark green) instead of --content-action-primary-default (#3a8015) -- same wrong-ramp-step bug as Checkbox, but at the semantic-token layer. Fixed light-mode off-track color from --neutral-200 (#cdcdcd) to --neutral-300 (#adadad) matching Figma. Removed a 1px border on the track that Figma does not have. Fixed label text color from --text-body-primary (#373737) to --neutral-800 (#1d1d1d) matching Figma text/body/primary -- same recurring issue as Checkbox and Labels & Fields. Sibling bug flagged but not fixed (currently unused by any live component): --surface-action-primary-hover is also aliased to the wrong dark-green step (--content-action-primary-700 instead of -500).",complete,P2,"Fixed a stale MDX doc line in content/components/switch.mdx describing the on-state color as ""blue"" when the design system uses green. Boolean Icon needed zero changes -- fully aligned already. All fixes applied directly in components/ui/switch.tsx, app/globals.css, and content/components/switch.mdx this session (2026-09-03). Visually verified in browser: on/off states render correctly with no border, correct green, correct label color."
Global,G1,Dropdown,minor,"Sizing/spacing already closely matched Figma: search row gap/padding/border, item padding (8px outer + 4px inner), checkbox-to-label gap (8px), checkmark-to-label gap (12px when selected), checkbox size (12px), checkmark icon size (8px/12px) all verified correct, no changes needed. Figma-internal inconsistency found: the standalone Dropdown Item component uses #629944 for the unchecked checkbox border, but the Dropdown Wrapper instances use a different token (--icon/action, #3a8015) for the same visual -- code now uses #629944 (--content-action-primary-300) per user decision, matching the canonical Checkbox & Radio pattern already fixed this session.","Fixed: checkbox border/fill in select.tsx (T.borderCheckbox, T.surfaceCheckbox, and a hardcoded duplicate inside DropdownRow) pointed at --content-action-primary-600 (#204704, wrong dark-green step) -- same recurring bug as Checkbox and Switch. Now: border stays --content-action-primary-300 (#629944) in both checked/unchecked states, fill becomes --content-action-primary-default (#3a8015) only when checked. Also fixed the Select triggers focus-border (T.borderFocus), same wrong token -- now --content-action-primary-default. All other Dropdown-list colors (item text #373737, placeholder #8d8d8d, search divider #adadad) were already correct token references.",complete,P2,"Selected-row grey highlight (--neutral-100) is a code-only enhancement beyond Figma spec (Figmas selected state relies solely on the trailing checkmark, no background tint) -- kept per user decision, logged as intentional deviation not a bug. Fixed a stale docs table entry in content/components/select.mdx describing the focus border as ""#204704 (primary blue)"" -- corrected to ""#3a8015 (primary green)"", a pre-rebrand leftover (both the hex and the color name were wrong). Trigger-field styling (fieldRadius, fieldBorder, caretSize, disabled/error colors) was NOT verified against Figma this pass -- only the Item (7-566) and Wrapper (7-1113) dropdown-panel nodes were given, not the closed-trigger component. Visually verified in browser: checked/unchecked checkbox colors render correctly in the multi-select dropdown. Fixes applied directly in components/ui/select.tsx and content/components/select.mdx this session (2026-09-03)."
Global,G2,Button,major,"Verified Regular (8-1643), Small (8-1934), Extra Small (420-6941), Icon Regular (8-1645), Icon Small (2625-18667), Icon XS (420-7038) -- Icon Small closed 2026-09-07. Figma Icon Small is a 32x32 box (8px uniform padding + 16px icon, radius --border-radius/sm 4px); code had 36x36 with an 18px icon -- the same stale 36/18 numbers labeled Small carried before its fix. Now size-8 + size-4. Icon-only components expose only 6 types (Primary, Secondary, Form Controls, Only Text, Colored bg, Destructive) -- the secondary-destructive and text-destructive sub-types exist at labeled sizes only. Added 2 missing labeled variants last pass (secondary-destructive, text-destructive), confirmed by Principles 724-25874 which lists 8 discrete types. NEW: Usage 2783-18749 documents a Padding=True/False variant on Only Text Destructive -- implemented as a noPadding boolean scoped via CVA compoundVariants to text and text-destructive only (user decision). Docs state icons are left-position only and forbid 2 icons in one button, so iconPosition 'right' was dropped from the registry playground (component keeps the capability). Colored Background exists at Regular size, not 'Small only'. Icon-only buttons still intentionally reuse labeled-button colors instead of Figma's icon-specific hovers.","MAJOR fixes across all 3 sizes: (1) Wrong-ramp-step bug in Primary/Secondary/Destructive -- was using content-action-primary-600/700/800 (dark forest greens), now uses -default/-500/-300 matching Figma exactly; Primary's Active state no longer gets its own darker shade, matches Default per Figma. (2) Disabled states rebuilt per-variant (was one shared neutral wash across all variants) -- each type now tints its disabled state to match its own color family (e.g. destructive-disabled is pale red #f792ac, primary-disabled is muted green #c4cdba), all using pre-existing correctly-valued semantic tokens. (3) Sizing corrected: Regular padding 12px uniform (was 20px horizontal-only via px-5); Small height 32px (was 36px/h-9), padding 8px uniform (was 16px), gap 8px (was 6px); XS gap 8px (was 4px), icon size 16px (was 14px/size-3.5), and XS gets its own 4px radius (was sharing Regular/Small's 8px via the base class). Gap is 8px at every size in Figma -- code's assumption of a shrinking 8/6/4px progression was wrong. (4) Colored Background: removed an unwanted border, fixed an inverted hover (was solid dark-green fill, now a subtle white-to-off-white shift matching Figma). (5) Form Controls: Active now correctly reuses Hover's text color per Figma's unusual grouping (bg/border tied to Default+Active, text color tied to Hover+Active). Also fixed 2 shared semantic tokens with wider blast radius: --text-on-action-transparent (was aliasing primary-500, now primary-default; also affects pagination.tsx) and --text-on-action-primary (was neutral-100/#efefef, now neutral-50/#f8f8f8; also affects vertical-tabs.tsx, toast.tsx, top-bar.tsx, none audited yet).",complete (Principles 724-25874 + Usage 742-11289 + Usage 2783-18749),P0,"Docs frames read 2026-09-07. DESTRUCTIVE PALETTE CONFLICT RESOLVED: Usage 742-11289 specified #c41030/#d91040/#8b1a2a with a WCAG rationale rejecting #ef2056, but those hexes exist in no token and no component variant; the component nodes use --error/500 #ab0c36 default, --error/600 #690821 border, --error/200 #f792ac disabled. Per user decision the component nodes win (#ab0c36 on white already clears AA at ~7.4:1) and the Figma Usage page was updated the same day -- text nodes 2373:17943 and 742:11524 now reference the --error/* semantic ramp and record the superseded values. STILL OPEN: Usage 742-11289 also describes the old model ('four types ... two cross-cutting variants') which Principles 724-25874 and Usage 2783-18749 both contradict (8 types, 3 destructive sub-types) -- flagged, not yet corrected in Figma. Principles adds constraints not encoded anywhere: max 1 primary per page, Only Text is N/A at regular size, destructive is N/A at extra small icon size. Form Controls disabled text colour still unconfirmed. Icon glyph colours (21+ baked SVGs) still assumed to inherit via currentColor, not pixel-verified. Fixes applied in components/ui/button.tsx and lib/component-registry.ts."
Global,G2,Alert Messages,major,"Verified Single Line (2788-21286) and Multi Line (3418-14435). Added 2 missing variant axes: theme (Dark/Light -- code had Light only) and roundCorner (Figma: Single-Line High=16px/Low=4px, Multi-Line Round=64px/Light=4px -- code hardcoded 8px, matching neither). Added the CTA link slot (messageCta in Figma) for block/multi-line -- code had no action-link support at all. Figma's Single-Line Light theme has what looks like an authoring mistake: the leading phrase of the example text is hardcoded green (#3a8015) across all 4 types instead of varying per type like the Dark theme does -- not replicated in code, treated as placeholder-content noise rather than a real pattern (the message is a single arbitrary string in code, there's no natural lead-phrase to tint). Figma's Multi Line component also has a literal typo in its own type enum ('Waring' instead of 'Warning') -- cosmetic, Figma-side only, no code impact.","Every needed token already existed in globals.css with exactly correct values -- this was a wrong-value/missing-variant bug, not a missing-token gap. Fixed: icon size 24px -> 16px (matches Figma exactly, also sized the dismiss button's icon down to 16px for visual consistency, though the dismiss button itself isn't in Figma at all -- see notes). Fixed outer icon<->content gap 16px -> 8px. Fixed body/message text size 14px -> 12px. Removed a fabricated type-dependent title size (was 16px for info/success, 18px for warning/error, not grounded in Figma at all) -- now uniform 12px SemiBold with 0.24px tracking, matching Figma's title treatment exactly. Added full Dark-theme color set for all 4 types (surface-accent-*-dark, border-color-accent-*-dark, text-body-on-dark-surface) and CTA colors for both themes (text-info/success/warning/error for Light; info-200/success-200/warning-200/error-200 for Dark) -- all pre-existing tokens, exact hex matches confirmed against Figma.",complete (Principles 2788-21733 + Usage 2788-21671),P0,"Docs frames read 2026-09-07. REVERSES last pass's conclusion on the dismiss button: it IS specified -- Principles 2788-21733 anatomy item 4 reads '24 x 24 px XCircle icon at the right edge. Hidden by default in Size Small.' Code had it visible by default at 16px. Per user decision code now matches Figma fully: dismissible defaults to false, icon back to 24px. No call site passed onDismiss, so nothing broke, and the five sandbox 'Failed to load' banners that lost the X are exactly the persistent-state case the Usage DON'T says must not be dismissible. Accessibility from Usage 2788-21671 implemented: role='alert' for error only and role='status' for info/warning/success (code hardcoded 'alert' for all four), aria-label now 'Dismiss message'. Confirmed already correct in code: the asymmetric 4px left accent border with 1px on the other three sides, 8px/16px line padding, 16px icon, 8px icon-to-text gap, 12px body text. UNRESOLVED FIGMA-INTERNAL CONFLICT: Principles says 'if the message requires multiple lines, paragraphs, or action buttons, the scope has outgrown the Alert Message' and Usage adds 'Don't use when the content exceeds a single line', yet the component set ships a Multi Line node (3418-14435) and a messageCta slot, both built into code as size='block' + cta. The CTA itself is defensible (Usage DO permits at most one inline link); the multi-line size is the part the docs contradict -- needs a designer call. Two more stale doc values not followed: light-theme link colour given as #4285F4 for every type (code uses per-type semantic text colours; a flat blue looks pre-rebrand), and body text hexes #021920/#EFF1F3 which do not match the tokens' #1d1d1d/#efefef. Dark-theme icon colour still unverified. Fixes applied in components/ui/message-box.tsx and lib/component-registry.ts."
Global,G2,Counter,missing,"Built from scratch 2026-09-07 -- no code component existed. Figma component set 68-2468 on page '-- Counter' exposes Color (Blue/Red/red/Gray) x Value (01/02/03/04/05/15/101) = 21 variants. Code collapses Value to a numeric prop rather than mirroring 7 discrete variants, since the rendered text is unpadded ('01' renders '1') and width derives from digit count: 18px for 1 digit, 24px for 2, 26px for 3, height fixed 18px, radius always full pill. FIGMA DEFECT: the Color property contains both 'Red' and 'red' -- capital Red holds only Value=01 while lowercase red holds 02/03/04/05/15/101, so selecting Color=Red at any other value silently falls through. Needs a Figma-side merge. Code exposes a single 'red'. Variant name 'Blue' predates the rebrand and now renders Caylent Green #3a8015. Code does NOT mirror the colour names: the prop is tone='default'|'muted'|'attention', describing intent. Mirroring Figma was the first attempt and was rejected on review -- shipping color='blue' on something painting #3a8015 reintroduces exactly the palette coupling the semantic token layer exists to prevent, and the rebrand had just proved the cost. The component-node-wins rule governs values, not the propagation of a stale variant name into a new API. Figma variant rename Blue -> Green still flagged. Ignored as authoring noise, not spec: per-variant nudges like left-[calc(50%-1px)] on Value=04 and a top-[8px]/w-[5px] offset on Value=01+Gray instead of centring.","All values taken from the component node per the standing rule that the component beats the doc frames. blue: bg --surface-action-primary-default #3a8015, border --border-color-surface-active-primary-default #629944, text --text-body-on-dark-surface #efefef. gray: bg --surface-action-secondary-default #ffffff, border --border-color-surface-active-secondary-default #adadad, text --text-body-secondary #8d8d8d. red: bg --error-200 #f792ac (Figma names the same value Red/200 -- naming difference only, not a gap), border --border-color-accent-error-light #f792ac, text --text-body-on-dark-surface #efefef. TOKEN BUG FOUND AND FIXED: --border-color-surface-active-primary-default aliased --content-action-primary-default (#3a8015) where Figma's identically-named variable is #629944; repointed to --content-action-primary-300. Same wrong-ramp-step class as the G1 sweep. Blast radius beyond Counter: components/ui/pagination.tsx and components/open-inventory/FilterBar.tsx borders lighten from #3a8015 to #629944, plus lib/tokens.ts. Both are pre-audit components (Pagination is a G4 row) -- correct per Figma but a visible change outside its own row.",complete (Principles 2988-499 + Usage 2988-534),P1,"DOCS NEED UPDATE -- the Usage token table names the right tokens but prints pre-rebrand values: Surface/Action/Primary Default shown as #3264B8 with a literal blue swatch (actual #3a8015), Red/200 as #F7929F (actual #f792ac), Text/Body/On Dark Surface as #EFF1F3 (actual #efefef). Anatomy also specifies 'Mona Sans' where the component uses Font Family/Body = Roboto. Two substantive doc divergences beyond stale hexes: (1) the table names Surface/Action/Secondary Hover #F8F8F8 for the gray background where the component uses Surface/Action/Secondary Default #ffffff -- a different token, not just an old value; (2) the doc says value text is always Text/Body/On Dark Surface, but the component correctly uses Text/Body/Secondary #8d8d8d on gray (#efefef on white would be invisible). Component wins on both. ACCESSIBILITY DEBT, shipped as designed: red is #efefef on #f792ac at about 1.7:1 and gray is #8d8d8d on white at about 3.5:1 -- both fail AA at 10px; blue passes at about 5.9:1. Component registered with status 'wip' for that reason. Docs-only requirements honoured since the component node says nothing about them: no click handler or focus stop, badge is aria-hidden, count must be exposed via the parent's accessible name. Minor internal doc contradiction logged: Principles says abbreviate large counts as '99+' while Anatomy says plain whole numbers only -- code takes number and documents that abbreviation happens upstream. Built: components/ui/counter.tsx, counter.stories.tsx, content/components/counter.mdx, registry entry, barrel export. tsc clean. Not yet visually verified in the browser."
Global,G2,Tooltip,major,"Page ships TWO components per Principles 3215-514. Tooltip (694-13794): Direction x Theme = 8 variants. Code had placement but NO theme prop -- Dark added. Figma casing defect: Direction value 'Top' is capitalised while bottom/left/right are lowercase; code keeps all-lowercase. Text alignment differs by direction and code never set it -- centre on Top/bottom, start on left/right, now applied. DISMISSIBLE TIP (3210-1866) WAS ENTIRELY MISSING, now built as components/ui/dismissible-tip.tsx: type Primary (green, 300px) / Secondary (white, 281px), 0.5px border, 8px radius, 16/16/24 padding, 16px gap, 10px SemiBold title + 10px Regular body at 16px line-height, 12x12 close control, no beak. Figma's theme property is INERT on both types -- container, title and body are all keyed on type alone, so Dark and Light render identically; per user decision the defect is replicated by omitting the prop rather than shipping a no-op. Interaction spec from Usage implemented on Tooltip: 300ms open / 150ms close delay, hoverable surface (removed pointerEvents:none, which had made WCAG 1.4.13 impossible), Escape-to-dismiss with focus retained on the trigger, and aria-describedby wired from the trigger via cloneElement.","MAJOR: the whole Tooltip was painted from the wrong token family. Body fill was --surface-accent-info-light and border --border-color-accent-info-light -- the info accent, rendering a pale blue box instead of white. Figma specifies --surface/action/secondary-default #ffffff with --border-color/surface-active/secondary-default #adadad on Light, and --neutral/700 #373737 with --neutral/400 #8d8d8d on Dark. Also fixed: font size 14px -> 12px (--text-size/paragraph/small/size), max-width 200px -> 320px, and the shadow, which was '0 4px 24px color-mix(in srgb, var(--surface-vertical-nav) 8%, transparent)' against Figma's Tooltip Shadow effect (#05032614, y-offset 4, radius --scale/6) -- now 0 4px 12px rgba(5,3,38,0.08). The beak inherited the info tokens too and now follows the theme. Padding 8px, radius 4px, 8px trigger gap and the 8x8 beak geometry were already correct. Every token needed already existed with the right value -- wrong-token-picked, not a token gap.",complete (Principles 3215-514 + Usage 3215-515),P0,"DOCS NEED UPDATE, three divergences: the Usage token table caps Tooltip at 300px where the component node says 320px; Anatomy describes the close control as '16x16 px with 8px inner offset' where the component draws 12x12; and the table lists Icon/Body/Primary #021920 for tooltip text where the component uses Text/Body/Primary #1d1d1d -- wrong token name and a pre-rebrand value. Component wins on all three. FIGMA DEFECTS beyond those: (1) Dismissible Tip's theme property is inert across all four combinations; (2) its Secondary+Dark body text is a hardcoded literal, not bound to cardContent; (3) the same component uses four container widths -- 300/281 in the set, 274/257 in the Usage demo instances; (4) both docs frames render every bullet list as a SINGLE bullet, because the shared documentation-section component passes a newline-joined string into one <li> -- cosmetic, but it affects every component page built from that section. Docs-only requirements treated as authoritative since the component node is silent on them: open/close delays, Escape, hoverable surface, aria-describedby, role=dialog on the tip. Registry cleanup: the Tooltip playground trigger was a hardcoded #4285f4 button (pre-rebrand blue) and now uses the DS Button; five more #4285f4 literals remain elsewhere in lib/component-registry.ts belonging to other audit rows. Built/changed: components/ui/tooltip.tsx, dismissible-tip.tsx, both stories files, content/components/tooltip.mdx, registry entry, barrel export. tsc clean."
